CL71	CL72
CL71	CL74
CL71	CL75
CL72	A8
CL72	CL73
CL73	A1
CL73	A5
CL74	A7
CL74	A9
CL75	CL76
CL75	CL79
CL76	CL100
CL76	CL77
CL77	CL101
CL77	CL78
CL78	A2
CL78	A4
CL79	CL80
CL79	CL81
CL80	A10
CL80	A3
CL81	A11
CL81	A6
CL82	C7
CL82	C9
CL82	CL83
CL83	C10
CL83	CL101
CL84	CL100
CL84	CL85
CL84	CL88
CL85	C5
CL85	CL86
CL86	C11
CL86	CL87
CL87	C2
CL87	C3
CL88	C4
CL88	CL89
CL89	C1
CL89	CL90
CL90	C6
CL90	C8
CL91	B10
CL91	CL92
CL91	CL95
CL92	B5
CL92	CL93
CL93	B2
CL93	B6
CL95	CL96
CL95	CL97
CL96	B1
CL96	B7
CL97	B3
CL97	CL98
CL98	B8
CL98	CL99
CL99	B4
CL99	B9